{
  "panel_rows": 4590,
  "train_rows": 3443,
  "test_rows": 1147,
  "t0_date": "2021-09-02",
  "feat_names": [
    "ret_aal_lag1",
    "ret_dal_lag1",
    "ret_aal_lag2",
    "ret_dal_lag2",
    "ret_spy_lag1",
    "ret_xlk_lag1",
    "ret_tnx_lag1",
    "vol_z_aal",
    "vol_z_dal",
    "vix_lvl",
    "vix_chg",
    "macd_hist",
    "rsi",
    "boll_z",
    "atr_pct"
  ],
  "cv_summary": {
    "acc": {
      "LogReg": 0.4987,
      "RandomForest": 0.507,
      "XGBoost": 0.5137
    },
    "f1": {
      "LogReg": 0.4471,
      "RandomForest": 0.4789,
      "XGBoost": 0.5094
    },
    "log_loss": {
      "LogReg": 0.7348,
      "RandomForest": 0.7073,
      "XGBoost": 0.8488
    },
    "brier": {
      "LogReg": 0.2662,
      "RandomForest": 0.2566,
      "XGBoost": 0.3034
    },
    "auc": {
      "LogReg": 0.5206,
      "RandomForest": 0.5206,
      "XGBoost": 0.5213
    },
    "folds": {
      "LogReg": 25,
      "RandomForest": 25,
      "XGBoost": 25
    }
  },
  "oos": {
    "LogReg": {
      "acc": 0.4956369982547993,
      "f1": 0.5008635578583766,
      "log_loss": 0.6952297596281996,
      "brier": 0.25103764194822176,
      "auc": 0.5012370204260712
    },
    "RandomForest": {
      "acc": 0.5,
      "f1": 0.5260545905707196,
      "log_loss": 0.6941526837007629,
      "brier": 0.2505027524446431,
      "auc": 0.4953687905230829
    },
    "XGBoost": {
      "acc": 0.4965095986038394,
      "f1": 0.5282093213409649,
      "log_loss": 0.7098674906272888,
      "brier": 0.2579981729479146,
      "auc": 0.4946345000731244
    },
    "MLP": {
      "acc": 0.48988566402814426,
      "f1": 0.4921190893169877,
      "log_loss": 1.1147033042740775,
      "brier": 0.3510839597950531,
      "auc": 0.48910109577168326
    }
  },
  "feat_importance": {
    "feature": [
      "rsi",
      "atr_pct",
      "ret_aal_lag2",
      "ret_spy_lag1",
      "ret_dal_lag2",
      "vol_z_dal",
      "ret_tnx_lag1",
      "vix_lvl",
      "boll_z",
      "vol_z_aal",
      "macd_hist",
      "ret_xlk_lag1",
      "ret_aal_lag1",
      "vix_chg",
      "ret_dal_lag1"
    ],
    "xgb_gain": [
      0.06323893368244171,
      0.06637788563966751,
      0.06554227322340012,
      0.06657165288925171,
      0.06233867257833481,
      0.06837744265794754,
      0.06911725550889969,
      0.06418014317750931,
      0.06836741417646408,
      0.06774751842021942,
      0.06627210974693298,
      0.06696925312280655,
      0.06621712446212769,
      0.0690799206495285,
      0.06960240006446838
    ],
    "perm_oos": [
      0.008414689652246066,
      0.003469855259663368,
      0.002671583175855141,
      0.0025337017260923522,
      0.0024832343741420515,
      0.0022721456864371326,
      0.0011112475947496203,
      0.0006441019358998101,
      -0.00021979887066247983,
      -0.0005577216024442166,
      -0.0008179349131637315,
      -0.0012535387728873082,
      -0.0012863117708464267,
      -0.0023622282630174074,
      -0.0031036229001059623
    ]
  },
  "arima_acc_oos": 0.4946902654867257,
  "arima_aic": 19952.71725508994,
  "garch_loglik": -8879.357400448063,
  "garch_vol_mean_ann": 0.4620986402115352,
  "top_patterns": [
    [
      "H",
      2732
    ],
    [
      "HH",
      1761
    ],
    [
      "HHH",
      1192
    ],
    [
      "D",
      949
    ],
    [
      "U",
      908
    ],
    [
      "HHHH",
      824
    ],
    [
      "HU",
      495
    ],
    [
      "UH",
      493
    ],
    [
      "DH",
      478
    ],
    [
      "HD",
      476
    ],
    [
      "HUH",
      305
    ],
    [
      "HHU",
      304
    ]
  ],
  "metrics": {
    "Buy & Hold AAL": {
      "final": 0.5435222493277222,
      "total_ret": -0.4564777506722778,
      "ann_ret": -0.1253661120032673,
      "ann_vol": 0.482960161783226,
      "sharpe": -0.04256744532423494,
      "sortino": -0.0642725069725306,
      "max_dd": -0.5925426953475001,
      "calmar": -0.21157312880170703,
      "hit_ratio": 0.4899738448125545
    },
    "Buy & Hold DAL": {
      "final": 1.678631175572184,
      "total_ret": 0.6786311755721841,
      "ann_ret": 0.1205299786406282,
      "ann_vol": 0.41163968207594415,
      "sharpe": 0.4741497528277522,
      "sortino": 0.7442251198689478,
      "max_dd": -0.47918564281541554,
      "calmar": 0.25153086376391476,
      "hit_ratio": 0.5004359197907585
    },
    "XGB (full)": {
      "final": 1.2102185891309656,
      "total_ret": 0.21021858913096558,
      "ann_ret": 0.04281069673561455,
      "ann_vol": 0.0686922687684322,
      "sharpe": 0.607850969367119,
      "sortino": 0.65437887606373,
      "max_dd": -0.08793890381064129,
      "calmar": 0.48682317928136515,
      "hit_ratio": 0.7323452484742807
    },
    "XGB (half-Kelly)": {
      "final": 1.1093912329866564,
      "total_ret": 0.10939123298665643,
      "ann_ret": 0.023069826663534965,
      "ann_vol": 0.03434613438421603,
      "sharpe": 0.6078509692268947,
      "sortino": 0.6570372234263515,
      "max_dd": -0.043614956129490956,
      "calmar": 0.5289430211747004,
      "hit_ratio": 0.7349607672188317
    },
    "Random Forest": {
      "final": 1.1506746741261027,
      "total_ret": 0.1506746741261027,
      "ann_ret": 0.03131537925127881,
      "ann_vol": 0.02180649351617726,
      "sharpe": 1.3094902408093319,
      "sortino": 1.143103485629199,
      "max_dd": -0.025810637126245317,
      "calmar": 1.2132741666975762,
      "hit_ratio": 0.7619877942458587
    },
    "Meta-label@0.55": {
      "final": 1.4936284659931356,
      "total_ret": 0.4936284659931356,
      "ann_ret": 0.09214856150195416,
      "ann_vol": 0.26507198782560193,
      "sharpe": 0.4550866075738409,
      "sortino": 0.4379513394661793,
      "max_dd": -0.3200873718969164,
      "calmar": 0.28788565120785353,
      "hit_ratio": 0.8326068003487358
    },
    "XGB + GARCH vol-target": {
      "final": 1.0791697908639908,
      "total_ret": 0.07916979086399079,
      "ann_ret": 0.01688055529503396,
      "ann_vol": 0.020912780695837838,
      "sharpe": 0.6904201069399658,
      "sortino": 0.7497761309742961,
      "max_dd": -0.02464052125996863,
      "calmar": 0.6850729786491315,
      "hit_ratio": 0.7349607672188317
    }
  }
}